Model,Accuracy,ROC-AUC,Log Loss,Brier Score
Raw,0.98,0.9915125,0.06511115958202081,0.015131602421663294
Platt,0.985,0.9915125,0.05235286354155118,0.012726631620514009
Isotonic,0.98,0.9886625,0.21398540436526617,0.014287400264185537
Venn-Abers Inductive,0.9814285714285714,0.9913145833333332,0.05507368538424836,0.013506105256032661
Venn-Abers Cross,0.985,0.9915020833333335,0.05348820811332842,0.01290115075417499
